<?xml version="1.0" encoding="UTF-8"?>

<beans:beans xmlns:beans="http://www.springframework.org/schema/beans"
    xmlns="http://www.springframework.org/schema/security"
    xmlns:xsi="http://www.w3.org/2001/XMLSchema-instance"
    xsi:schemaLocation="http://www.springframework.org/schema/beans 
        http://www.springframework.org/schema/beans/spring-beans-2.5.xsd
        http://www.springframework.org/schema/security 
        http://www.springframework.org/schema/security/spring-security-3.1.xsd">

    <http auto-config="true">
        <intercept-url pattern="/admin/**" access="ROLE_ADMIN" />
        <intercept-url pattern="/profile/edit/**" access="ROLE_USER" />
        <intercept-url pattern="/profile/view/**" access="ROLE_USER" />


        <form-login login-page="/login" default-target-url="/welcome"
                    authentication-failure-url="/loginfailed" />
        <logout logout-success-url="/logout" />
    </http>

    <jdbc-user-service id="securityUserService"
                       data-source-ref="dataSource"
                       users-by-username-query=
                               "select nick, password, true from user where nick=?"
                       authorities-by-username-query=
                               "select nick,'ROLE_USER' from user where nick=?" />

    <authentication-manager alias="authenticationManager">
        <authentication-provider user-service-ref="securityUserService" />
    </authentication-manager>

    <global-method-security secured-annotations="enabled" />

</beans:beans>
