<?xml version="1.0" encoding="UTF-8"?>
<beans xmlns="http://www.springframework.org/schema/beans"
       xmlns:xsi="http://www.w3.org/2001/XMLSchema-instance"
       xmlns:context="http://www.springframework.org/schema/context"
       xmlns:mvc="http://www.springframework.org/schema/mvc"
       xmlns:tx="http://www.springframework.org/schema/tx"
       xmlns:aop="http://www.springframework.org/schema/aop"
       xmlns:p="http://www.springframework.org/schema/p"
       xsi:schemaLocation="http://www.springframework.org/schema/mvc http://www.springframework.org/schema/mvc/spring-mvc-3.0.xsd
        http://www.springframework.org/schema/beans http://www.springframework.org/schema/beans/spring-beans-3.0.xsd
        http://www.springframework.org/schema/context http://www.springframework.org/schema/context/spring-context-3.0.xsd http://www.springframework.org/schema/tx http://www.springframework.org/schema/tx/spring-tx.xsd http://www.springframework.org/schema/aop http://www.springframework.org/schema/aop/spring-aop.xsd">


    <context:property-placeholder location="classpath:jdbc.properties" />

    <!-- DispatcherServlet Context: defines this servlet's request-processing infrastructure -->

    <!-- Scans within the base package of the application for @Components to configure as beans -->
    <!-- @Controller, @Service, @Configuration, etc. -->
    <context:component-scan base-package="com.mpakhomov.chat" />
    <context:annotation-config />

    <!-- Enables the Spring MVC @Controller programming model -->
    <mvc:annotation-driven />

    <mvc:resources mapping="/resources/**" location="/resources/" />



    <bean id="dataSource"
          class="org.springframework.jdbc.datasource.DriverManagerDataSource">
        <property name="driverClassName" value="${database.driver}" />
        <property name="url" value="${database.url}" />
        <property name="username" value="${database.user}" />
        <property name="password" value="${database.password}" />
    </bean>

    <bean id="sessionFactory"
          class="org.springframework.orm.hibernate3.annotation.AnnotationSessionFactoryBean">
        <property name="dataSource" ref="dataSource" />
        <property name="annotatedClasses">
            <list>
                <value>com.mpakhomov.chat.domain.User</value>
                <value>com.mpakhomov.chat.domain.ChatMessage</value>
            </list>
        </property>
        <property name="hibernateProperties">
            <props>
                <prop key="hibernate.dialect">${hibernate.dialect}</prop>
                <prop key="hibernate.show_sql">${hibernate.show_sql}</prop>
                <prop key="hibernate.hbm2ddl.auto">${hibernate.hbm2ddl.auto}</prop>
                <prop key="hibernate.connection.pool_size">${hibernate.connection.pool_size}</prop>
            </props>
        </property>
    </bean>

    <tx:annotation-driven />
    <bean id="transactionManager"
          class="org.springframework.orm.hibernate3.HibernateTransactionManager">
        <property name="sessionFactory" ref="sessionFactory" />
    </bean>

    <!-- Resolve logical view names to .jsp resources in the /WEB-INF/views directory -->
    <!--<bean class="org.springframework.web.servlet.view.InternalResourceViewResolver">-->
        <!--<property name="viewClass"-->
                  <!--value="org.springframework.web.servlet.view.JstlView" />-->
        <!--<property name="prefix" value="/WEB-INF/views/" />-->
        <!--<property name="suffix" value=".jsp" />-->
    <!--</bean>-->

    <bean class="org.springframework.web.servlet.view.tiles2.TilesConfigurer">
        <property name="definitions">
            <list>
                <value>/WEB-INF/views/**/views.xml</value>
            </list>
        </property>
    </bean>

    <bean class="org.springframework.web.servlet.view.tiles2.TilesViewResolver"/>

    <bean id="messageSource" class="org.springframework.context.support.ResourceBundleMessageSource"
          p:basename="messages"/>

</beans>
